Country;LCOE
Austria;0,15
Belgium;0,17
Bulgaria;0,14
Croatia;0,15
Cyprus;0,11
Czechia;0,16
Denmark;0,17
Estonia;0,19
Finland;0,19
France;0,16
Germany;0,17
Greece;0,11
Hungary;0,14
Ireland;0,18
Italy;0,12
Latvia;0,18
Lithuania;0,18
Luxembourg;0,16
Malta;0,11
Netherlands;0,17
Norway;0,19
Poland;0,17
Portugal;0,11
Romania;0,14
Slovakia;0,15
Slovenia;0,16
Spain;0,11
Sweden;0,18
Switzerland;0,15
UK;0,17
EUAV;0,15